course_id,outcome_id
DE0745,CLO_49b5d0eaac4149
DE0745,CLO_b41e63e637090b
DE0745,CLO_2218b2c6336a74
DE0745,CLO_356e06f48c8763
DE0745,CLO_8f5f8388c26b58
DE0745,CLO_ab18602b7a3449
DE0747,CLO_7e8073bb85ef89
DE0747,CLO_8ffe69397fbd2f
DE0747,CLO_20812598ce521b
DE0747,CLO_a6154be1b7311a
DE0747,CLO_cab1662ef0c0ac
DE0752,CLO_c4cc1596a4e0d3
DE0752,CLO_763d54a280808b
DE0752,CLO_bf1aa02cf94ac0
DE0752,CLO_fc2a39008b924b
DE0752,CLO_cabeccfba49bc7
DE0752,CLO_95d6e7df5968e5
DE0752,CLO_30c0907627d7e4
DE0740,CLO_e52d7c7688bedc
DE0740,CLO_c4daec9d3d3f81
DE0740,CLO_de34202edd4e34
DE0740,CLO_bfd668a8734eca
DE0751,CLO_10ed0100dc0f38
DE0751,CLO_293791d93fefc4
DE0751,CLO_458207834cf98a
DE0751,CLO_23b09cf582f0ee
DE0751,CLO_dfc987aeedb0cf
DE0645,CLO_9e6bcc56ddd43f
DE0645,CLO_548fff3a502c6e
DE0645,CLO_55bd0110967b7a
DE0645,CLO_e4da37c1aadf45
DE0739,CLO_f77fffe452e0f9
DE0739,CLO_b8f99d0f8125c1
DE0739,CLO_3a7c2c56202326
DE0739,CLO_d733eb5aa1e4d6
DE0739,CLO_6517cdfd2dc0ed
DE0739,CLO_3afb61b74fa0be
DE0754,CLO_e86b13b4aac7e5
DE0754,CLO_6aea333007c43a
DE0754,CLO_b3733b07dad897
DE0754,CLO_9bea608b2128c6
DE0742,CLO_387b9fe79584aa
DE0742,CLO_9cb4d5134cfe29
DE0742,CLO_c8b6013cf58fe3
DE0742,CLO_ac1234233d2dd5
DE0746,CLO_6399343fd5d8e4
DE0746,CLO_d8afe675f6cd76
DE0746,CLO_488e9c47d723b3
DE0746,CLO_d909c6abbdb645
DE0746,CLO_a2bb129fdafb5f
DE0001,CLO_3218662a0a0e82
DE0001,CLO_0a01c3950e25a4
DE0001,CLO_817843db092b1c
DE0001,CLO_9882a4703f90bb
DE0748,CLO_9e2a7f15235b20
DE0748,CLO_7efe99476ad20d
DE0748,CLO_d0e327f8b2ff7e
DE0748,CLO_0dcf3ddd06c468
DE0748,CLO_4bd80272507754
DE0743,CLO_04739618077bbd
DE0743,CLO_b6876a76e6b1b9
DE0743,CLO_111a8ee82c97de
DE0753,CLO_9b3b663253c7ec
DE0753,CLO_04918e591f6d00
DE0753,CLO_9cdc6abef61e01
DE0753,CLO_66149fc0743908
DE0753,CLO_e568aa7c94f43f
DE0738,CLO_30301e73ad015e
DE0738,CLO_a9baa88c10a487
DE0738,CLO_6094ac2d5ba83b
DE0738,CLO_daa748c950a20e
DE0738,CLO_4d2735c35df065
DE0638,CLO_65183f2034a771
DE0638,CLO_3ec3f4e0e1ff63
DE0638,CLO_801d01d911bf62
DE0638,CLO_a52b3992c9c84e
DE0638,CLO_f5f0ed2840fe76
DE0750,CLO_358a57d6bce8dd
DE0750,CLO_32c263a75fdf94
DE0750,CLO_7c495422d391d7
DE0750,CLO_e1f9dbc70d4167
DE0750,CLO_b4abe8eb6b03fc
DE0940,CLO_a2cd75c786e1e2
DE0940,CLO_be7c599128f3a6
DE0940,CLO_78f1f1c6b34628
DE0940,CLO_212533e4af2d49
DE0940,CLO_b3162934e7ae9e
BS0055,CLO_efc3d3ab2994f1
BS0055,CLO_7a294f043b4fd4
BS0055,CLO_f0c2d8b57799fb
BS0055,CLO_f6870f4551ddb6
BS0054,CLO_14956e9f1073dc
BS0054,CLO_ee28ce657e36c1
BS0054,CLO_2a1cb410768fe0
BS0054,CLO_db1230fe079a99
BS0054,CLO_1a28d99a817878
BS0052,CLO_c01f3d07f73f8c
BS0052,CLO_1309fadabe8041
BS0052,CLO_c9c2cc48e477d2
BS0052,CLO_b518fd07cbe729
BS0052,CLO_d713b3c18793fc
BS0053,CLO_4d93186a825823
BS0053,CLO_b94a1536ce8f52
BS0053,CLO_132050e9996277
BS0053,CLO_e0eb8095d62b6d
BS0050,CLO_00e0d39a2a55ba
BS0050,CLO_3ae25d8cd8e5d5
BS0050,CLO_637ba06ae53314
BS0051,CLO_7422914e7088d6
BS0051,CLO_4f584491457010
BS0051,CLO_65d7721a91227e
BS0049,CLO_1149b2496d1484
BS0049,CLO_5ee5571aef9e0e
BS0049,CLO_9f4100bbeec086
BS0049,CLO_943ffd416d33a4
BS0049,CLO_7f8660d43d0ba5
DE0741,CLO_6dab0b33143564
DE0741,CLO_60fee9703d33c4
DE0741,CLO_928f1d7d72c43d
DE0741,CLO_fa2f999b39c064
DE0741,CLO_5e5a3aa4ef0eb4
DE0741,CLO_cdecfc54aacc60
DE0643,CLO_8a78e384b91eba
DE0643,CLO_437bcd224843c5
DE0643,CLO_4e1a7cf7dbcfcf
DE0643,CLO_2a458a53faad91
DE0643,CLO_dffff231a30255
DE0643,CLO_f4f234bc86b672
DE0643,CLO_7d99a76e2bdfb5
DE0729,CLO_27955476131856
DE0729,CLO_a9942c3b3bc6a3
DE0729,CLO_2aa537b0b8a813
DE0729,CLO_1a306d023f7432
DE0729,CLO_e8e3fa527f2191
DE0729,CLO_9f25c0fbf4d373
DE0729,CLO_22c12b715ed6ee
DE0729,CLO_71c12827efe384
DE0729,CLO_517d7cca69e45c
DE0729,CLO_9ca8d112d35ca3
DE0744,CLO_2251a8e7f0945d
DE0744,CLO_3b05646a3fcdc7
DE0744,CLO_5d878e37b58436
DE0744,CLO_6a159cbcd35eb0
DE0744,CLO_d7a187daa90796
DE0744,CLO_6fa61db0d21ee8
DE0802,CLO_932feb13c1ff7f
DE0802,CLO_6f9f36e2045242
DE0802,CLO_b7d5fc2a48c5cf
DE0802,CLO_08c4a2d6a64a10
DE0802,CLO_9b3f67690b2e19
DE0802,CLO_a30c09a02e656e
DE0802,CLO_c64e1ff505d370
DE0717,CLO_06441b6003392d
DE0717,CLO_6b29278e555f83
DE0717,CLO_e8e55f80f52e6f
DE0717,CLO_695c96f3778f67
DE0717,CLO_23502a1bf48462
DE0717,CLO_ba99dbca6a8e7a
DE0717,CLO_f9d637de5feb4c
DE0717,CLO_2120cdb1d83bdf
DE0717,CLO_d575c37674f988
DE0717,CLO_55da101d4c596f
DE0717,CLO_c8fe993fa18146
DE0815,CLO_caf20b34d1efa5
DE0815,CLO_675f9debc0afcb
DE0815,CLO_89d8bbaf2841e8
DE0815,CLO_f10b24f6cb1af5
DE0823,CLO_f9cc9ebb0e5966
DE0823,CLO_4dcd52dcae17fe
DE0823,CLO_c1281e8609fee4
DE0823,CLO_6c1a0d35fb5cc2
DE0823,CLO_40c278c437c3da
DE0823,CLO_c15a03b0f9c992
DE0811,CLO_fdf368660b9885
DE0811,CLO_6b511bf49d1f46
DE0811,CLO_47fdf654908522
DE0811,CLO_342b9f814dd74d
DE0811,CLO_2ff4adfe16c606
DE0714,CLO_2ce64dcbbda866
DE0714,CLO_5b53ece3cf6af8
DE0714,CLO_a78be29211b9d5
DE0714,CLO_e5155cd7bf2ffd
DE0806,CLO_c281dcfa9eb24f
DE0806,CLO_9c8e65b65f6c20
DE0806,CLO_39b67dc22843cd
DE0806,CLO_8ff8e7a797f1aa
DE0820,CLO_26d1bf2e907277
DE0820,CLO_7d100d59a3e917
DE0820,CLO_268c7ae2ccab40
DE0820,CLO_216134b1ce2a43
DE0709,CLO_a4e0b6ffefaa89
DE0709,CLO_e20ad5482605dc
DE0709,CLO_4a28d43d18b724
DE0709,CLO_c144d040484921
DE0805,CLO_4076cb8a7e61f9
DE0805,CLO_b311c6575e3ec7
DE0805,CLO_21583615720121
DE0805,CLO_0e08dafbe4f283
DE0805,CLO_d005a1d5d3bb09
DE0809,CLO_62cd3a1de97222
DE0809,CLO_fbdef5edc5c1db
DE0809,CLO_b5e4bc0984cc00
DE0809,CLO_50c846573a6a3d
DE0809,CLO_89f2a919463e2f
DE0809,CLO_4ef0df4f16c333
DE0809,CLO_6bbe68d88ad902
DE0804,CLO_5ce5fdec86abb4
DE0804,CLO_57b26e1d4453fc
DE0804,CLO_e3d8547fdcba86
DE0804,CLO_0994f95206ef1d
DE0819,CLO_3be26e77fd7c98
DE0819,CLO_917dac2677078e
DE0819,CLO_149ff87cd05d39
DE0819,CLO_1e217f10ed818f
DE0819,CLO_b183fc3c90f579
DE0819,CLO_8f2a5188a484aa
DE0817,CLO_98dcdbd83eead0
DE0817,CLO_075ccc2879c04d
DE0817,CLO_62e7654eba1234
DE0817,CLO_cbb7eb20356d79
DE0817,CLO_a2aeff55e90754
DE0807,CLO_e0b38d6473422b
DE0807,CLO_0f9463373d94f8
DE0807,CLO_f8b984f1471b8b
DE0807,CLO_ff2ad3c99d01be
DE0807,CLO_f0028007a069f7
DE0807,CLO_bf056c138f6904
DE0807,CLO_5565a7dd4e39ba
DE0813,CLO_f1c7336ce1a296
DE0813,CLO_b0cc3312c5e6cb
DE0813,CLO_fd84a42eecbda2
DE0813,CLO_56dfc8b4a5661f
DE0824,CLO_af7d46036b7c4e
DE0824,CLO_e663325e9943a4
DE0824,CLO_a5573b34c3d092
DE0825,CLO_c809f126f297b4
DE0826,CLO_72be77d2b5101f
DE0826,CLO_b0d82f276702dc
DE0826,CLO_5070480f400b1a
DE0826,CLO_563005232d3606
DE0826,CLO_0cf8fd93c5001f
DE0827,CLO_30bdac237887a9
DE0827,CLO_992df78c5b2b8e
DE0816,CLO_499d49b0648d82
DE0816,CLO_f192ed41d154a6
DE0816,CLO_57b49e71d8e620
DE0816,CLO_9242048a5f077a
DE0814,CLO_12280f02cfee6a
DE0814,CLO_d6199d932c821d
DE0814,CLO_66d1c89f99a877
DE0814,CLO_3e1797a7837470
IV0623,CLO_b6ac0e3ee12815
IV0623,CLO_f30c0a1732b4d0
IV0623,CLO_fc69b0c3435bf8
IV0623,CLO_f041c2ba6fd6f9
IV0623,CLO_d82a44e03a9760
IV0652,CLO_50bf599cf0e2f6
IV0652,CLO_53cda0b3070295
IV0652,CLO_232a049415554a
IV0652,CLO_c15f225c8aa2dd
IV0652,CLO_ed30046d9859b2
IV0652,CLO_bcac88bb7d7a63
DE0322,CLO_a2710d71166ffd
DE0322,CLO_fcb072aa3daad3
DE0322,CLO_da1ebd1e41676a
DE0322,CLO_3b199d68cc47f4
AD0188,CLO_c40d71f431c007
AD0188,CLO_cfaa0225335332
AD0188,CLO_cfe87fc736abcb
AD0188,CLO_74cc9b3a42eaae
AD0188,CLO_37180421d680ab
AD0188,CLO_91840665057419
AD0188,CLO_74c0d14387f544
DE0822,CLO_a8dc1f169d001a
DE0822,CLO_83950984a735e1
DE0822,CLO_9c9f832a39d357
DE0822,CLO_9adde6649ad0c0
DE0822,CLO_51e7769d74e6a2
DE0801,CLO_d8395264b20a6a
DE0801,CLO_7a40663500d6cf
DE0801,CLO_3c420c0731dc10
DE0801,CLO_3fccbc4ea357a5
DE0800,CLO_50c8963603e34e
DE0800,CLO_3d07ad9cdf9a34
DE0800,CLO_d62a756db87305
DE0800,CLO_56bd527378771e
DE1002,CLO_2ed46c0bb2ae91
DE1002,CLO_cb2ede15db7bf0
DE1002,CLO_14ec02b9f9101d
DE1002,CLO_1fda9d28deadf6
DE0803,CLO_df325fbcd7de43
DE0803,CLO_4acfd73d9c631d
DE0803,CLO_ced782222e7cf2
DE0803,CLO_a94bdb0bf170fa
BM0758,CLO_b74dc878e420c4
BM0758,CLO_d950e561137c0b
BM0758,CLO_c43a4abeba9537
BM0758,CLO_16cb4a2706d78e
DE0812,CLO_dcc95e1165a44b
DE0812,CLO_02f377c692789e
DE0812,CLO_25d9df4a2731bd
DE0812,CLO_8d18cbac72f791
DE0704,CLO_bcfb70ea6fcc23
DE0704,CLO_6c0c28cde8081a
DE0704,CLO_a811876d219fb5
DE0704,CLO_68a7710377dee2
DE0724,CLO_53ef8c7893f748
DE0724,CLO_b4b811444a88fe
DE0724,CLO_7f14c5cb385a48
DE0724,CLO_53434d82c8feb6
DE0818,CLO_0281e0b786b884
DE0818,CLO_dc5e97f3527165
DE0818,CLO_efa752d1f483ef
DE0818,CLO_72fc18b2b61249
DE0818,CLO_6436acf32381a3
DE0818,CLO_fb261aa963499b
DE1066,CLO_e85d8004bac8eb
DE1066,CLO_a3e27aeba23611
DE1066,CLO_f10550950ffb50
DE1066,CLO_09d7d500cbe349
DE1066,CLO_62fcb2aedbd3a0
DE1067,CLO_cfc88dca38b4c0
DE1067,CLO_55d406f77ccf63
DE1067,CLO_e5497235884781
DE1067,CLO_8caf61fca0fb7c
DE1068,CLO_adff95ca9d893a
DE1068,CLO_bf8864f942678d
DE1068,CLO_a27b1e163f245d
DE1068,CLO_159241a0b51cd5
DE1068,CLO_59c7dfd067de30
DE1095,CLO_375c82e1c5bbc5
DE1095,CLO_c1ef8587636e24
DE1095,CLO_27f831fe0eefaf
DE1095,CLO_f0af635cb89bf7
DE1095,CLO_e441889c084bbd
DE0810,CLO_7ed8b9690b46b8
DE0810,CLO_69037f74da6128
DE0810,CLO_71297ab7807e71
DE0810,CLO_857a70f3f01418
DE0810,CLO_2d807d08ab5761
DE0810,CLO_be8060363825af
DE0810,CLO_039f131a21d96b
DE0703,CLO_83a8f12db5bf35
DE0703,CLO_69612dffca46af
DE0703,CLO_c2f826645e20e4
DE0703,CLO_67770cff99d744
DE0706,CLO_c2ba4f1f569dc4
DE0706,CLO_0ab3d4ce2db7ee
DE0706,CLO_0966a38777df34
DE0706,CLO_c3e177b203252f
DE0710,CLO_c9dd36c01b5a82
DE0710,CLO_5ad55fa7817ab0
DE0710,CLO_d2a5cc1f892ef2
DE0710,CLO_d9acee43cc67be
DE0710,CLO_18a17ddef69443
DE0710,CLO_6b6820958d150c
DE0710,CLO_e0283eee236589
DE0808,CLO_8106b48431e481
DE0808,CLO_6f2953104193c2
DE0808,CLO_5059382519ca25
DE0808,CLO_a67799ab669d74
DE0821,CLO_d2c7227b0a6409
DE0821,CLO_534cbbcc24f07c
DE0821,CLO_a9223438a70096
DE0821,CLO_d28b4b6d908e32
DE0821,CLO_758d5649f24c57
