course_id,topic_id
DE0745,TOPIC_1ea7cdfb55c5ed
DE0745,TOPIC_30b2a0c0ff540b
DE0745,TOPIC_542749b2e90419
DE0747,TOPIC_719114841bf0a1
DE0747,TOPIC_a5a7944c00b528
DE0747,TOPIC_74801d4fc64001
DE0747,TOPIC_71df4e45a9c69a
DE0747,TOPIC_548de20b9f12c5
DE0747,TOPIC_1a923a0b054723
DE0747,TOPIC_1d34fc7c57d992
DE0747,TOPIC_f60bab5ff0c524
DE0747,TOPIC_be518149c2d9b3
DE0752,TOPIC_e544d4426c3922
DE0752,TOPIC_70026b6b46211a
DE0752,TOPIC_4d565d74ee6d9e
DE0752,TOPIC_54b387915b3a10
DE0752,TOPIC_dea29163ff4ce4
DE0740,TOPIC_0a6c02bca37cca
DE0740,TOPIC_c05c6f999c5f13
DE0740,TOPIC_9b929845641759
DE0740,TOPIC_5b31e2ad2a2eb1
DE0740,TOPIC_49552b2c99ef44
DE0740,TOPIC_a9de0606abaaa9
DE0740,TOPIC_830b031843addc
DE0751,TOPIC_b64ef3bb218357
DE0751,TOPIC_8eae83f720d1c0
DE0645,TOPIC_7afdf1c6506438
DE0645,TOPIC_33c8ad5596d311
DE0645,TOPIC_e32b27b980c535
DE0645,TOPIC_2682e89630fada
DE0645,TOPIC_0e8a39fe544eaa
DE0645,TOPIC_52969f2cc2c86f
DE0645,TOPIC_cb6cfbef848168
DE0739,TOPIC_ab3f9de12f8b48
DE0739,TOPIC_29c359eb4bcfa7
DE0739,TOPIC_614a620126dc56
DE0739,TOPIC_c899caf30e2e4f
DE0739,TOPIC_c8570c386d1f64
DE0739,TOPIC_d15f3509cbc299
DE0754,TOPIC_1e5cc2cdbeed05
DE0754,TOPIC_4a77d2f3357daa
DE0754,TOPIC_c04e14dd5fe8df
DE0754,TOPIC_a8630e9bde3b2c
DE0754,TOPIC_015ed4de56ee00
DE0754,TOPIC_2a9512cdffe5e2
DE0754,TOPIC_c407e781544b1d
DE0754,TOPIC_7300305f3b3cc6
DE0754,TOPIC_b80b2561e4bfd5
DE0754,TOPIC_cd017a4492b74b
DE0754,TOPIC_872e7d57868eda
DE0754,TOPIC_e69701db3ae238
DE0754,TOPIC_eb39e273d1f131
DE0754,TOPIC_1293b840400e30
DE0754,TOPIC_9b02d5221ea2c1
DE0742,TOPIC_4e0dc257dc237f
DE0742,TOPIC_91696eaf59bf95
DE0742,TOPIC_ece234d4111190
DE0742,TOPIC_27fd9e7539ab54
DE0742,TOPIC_aebe59d0a21450
DE0742,TOPIC_bc00b2fecbb481
DE0742,TOPIC_1eae94ab723687
DE0742,TOPIC_7736952a0acd2b
DE0742,TOPIC_48d6044e825f8a
DE0742,TOPIC_67e43b0cc1a116
DE0742,TOPIC_7bba6812847fad
DE0746,TOPIC_e2dd58fe19b008
DE0746,TOPIC_b1fb0c54080f60
DE0746,TOPIC_711971e3e9f4ec
DE0746,TOPIC_2a22cd8f094beb
DE0746,TOPIC_cffc620c0f91ba
DE0746,TOPIC_56accb56ca0fb5
DE0746,TOPIC_5b6e06d5666736
DE0746,TOPIC_a51b2bad583495
DE0001,TOPIC_eb7fa7c85faae1
DE0001,TOPIC_836ec0df8435c3
DE0001,TOPIC_b04a73f26503ef
DE0001,TOPIC_aa471d5e18090b
DE0001,TOPIC_1548dd6a26f99b
DE0001,TOPIC_1211a445a651b1
DE0001,TOPIC_deb0b87ecc1643
DE0001,TOPIC_1b9e186f38b972
DE0001,TOPIC_7ba6b7ea29b877
DE0748,TOPIC_5f19c2bd0f481e
DE0748,TOPIC_9dd3ac9ff8effd
DE0748,TOPIC_5836afa69b3c08
DE0748,TOPIC_5fb65a0e95b548
DE0748,TOPIC_0f8e8ce6396652
DE0748,TOPIC_d2880d1dd77d44
DE0748,TOPIC_9ef189f65f96e8
DE0743,TOPIC_e7ef51c810acea
DE0743,TOPIC_791111ec489ef5
DE0743,TOPIC_8c53ff8a076b26
DE0743,TOPIC_3d7227bcd1d3f9
DE0743,TOPIC_43e0e812250f3b
DE0743,TOPIC_45276937b98dcc
DE0753,TOPIC_9b2c6fda2b6f87
DE0753,TOPIC_a1db41baddb170
DE0753,TOPIC_dc9abce2ebf0ef
DE0753,TOPIC_01a90f56a2a26c
DE0753,TOPIC_a429312b7e74d3
DE0753,TOPIC_7009844ef8d064
DE0753,TOPIC_9799eed8f8ec6b
DE0753,TOPIC_e83acc1b769989
DE0738,TOPIC_d6b47a420cb066
DE0738,TOPIC_285da6a776d099
DE0738,TOPIC_83cfe27c0095e4
DE0738,TOPIC_755587d4bf3334
DE0738,TOPIC_d0229be7159142
DE0738,TOPIC_8f2b4fe35c0b77
DE0738,TOPIC_5000e69e911214
DE0738,TOPIC_6659eeb9fc63bd
DE0738,TOPIC_3c85a285b67530
DE0738,TOPIC_76928a8450a5ee
DE0738,TOPIC_e25be40a0d0445
DE0738,TOPIC_b33cb0748b29e9
DE0738,TOPIC_373204c4af6082
DE0738,TOPIC_31a6740aa9e362
DE0750,TOPIC_caafd591bc18ff
DE0750,TOPIC_db3fe27a57f3ee
DE0750,TOPIC_6eff112110bc70
DE0750,TOPIC_c1b34829b94516
DE0750,TOPIC_8d46f6ea1820d3
DE0940,TOPIC_688cdbdc9aaedd
DE0940,TOPIC_5cf5e90e96eab9
DE0940,TOPIC_28d79c20b9794e
DE0940,TOPIC_1dab9bd16b201b
DE0940,TOPIC_0493c7d9c5a7b3
DE0940,TOPIC_40239237aa4267
DE0940,TOPIC_633ea97bbc8723
BS0055,TOPIC_d424503bc43b7b
BS0055,TOPIC_df0c19be4b481a
BS0055,TOPIC_3989f6d886cd9c
BS0055,TOPIC_0f61efb6d4f171
BS0055,TOPIC_25ba756caf261d
BS0055,TOPIC_68bd8e59bd00b0
BS0055,TOPIC_524063abf9365c
BS0055,TOPIC_12c77a7e231887
BS0055,TOPIC_53799cdf0c7718
BS0055,TOPIC_f9eba553fb74ef
BS0054,TOPIC_d53d2f432ca735
BS0054,TOPIC_22ceeef17cb27b
BS0054,TOPIC_8bcbb5ea728df8
BS0054,TOPIC_ee0827c1e3c8ca
BS0054,TOPIC_f7bd2a05174f9f
BS0054,TOPIC_96ba46d9d25ab7
BS0054,TOPIC_96781ccde86c77
BS0054,TOPIC_31fe115f543855
BS0054,TOPIC_5c55c5f9da1089
BS0054,TOPIC_3d2cdb172e1ec7
BS0054,TOPIC_b7d2e5308be312
BS0054,TOPIC_7f99e8b3e8fd81
BS0052,TOPIC_bb35cf89f805a1
BS0052,TOPIC_c9dcf41b004b02
BS0052,TOPIC_0d9675b48ebf14
BS0052,TOPIC_393c11149baadd
BS0052,TOPIC_042a85cfb262a6
BS0052,TOPIC_4a1915f858d3f3
BS0052,TOPIC_7f15f99a979175
BS0052,TOPIC_bbcb4136937be7
BS0052,TOPIC_15488c258b521c
BS0052,TOPIC_32d3e2fd59b368
BS0052,TOPIC_6d7a725968aab3
BS0052,TOPIC_a4ac2ee35087d4
BS0053,TOPIC_31cd288648668a
BS0053,TOPIC_82840ee5443c18
BS0053,TOPIC_de47d1b0ac49a7
BS0053,TOPIC_081b75b99bfac2
BS0053,TOPIC_17cea8f9d4a3c6
BS0053,TOPIC_d5170595010c3f
BS0053,TOPIC_f67bc6fb7e8402
BS0053,TOPIC_28bd7d94203f8d
BS0053,TOPIC_f7faa207cbfa45
BS0050,TOPIC_6a51a36f6be40e
BS0050,TOPIC_96b24fecf4cd78
BS0050,TOPIC_0e9779d69c709c
BS0050,TOPIC_4da17810e865ea
BS0050,TOPIC_d1c6d2d961c66e
BS0050,TOPIC_d59472587fa7ac
BS0050,TOPIC_21aed3bda2531c
BS0050,TOPIC_09c04a8fe3b59b
BS0050,TOPIC_73a91ed8dddc20
BS0050,TOPIC_443d698f643e56
BS0050,TOPIC_1e0c9c04e0a4fd
BS0050,TOPIC_3a4d3c0afa3663
BS0051,TOPIC_e693df2d9d22a8
BS0051,TOPIC_9e134758d02226
BS0051,TOPIC_3d84f0b7c1d606
BS0051,TOPIC_2879751f632e92
BS0049,TOPIC_dde05e79d620f0
BS0049,TOPIC_9a996d9d69a51b
BS0049,TOPIC_9647e649f94124
BS0049,TOPIC_268953a2b1ebb5
BS0049,TOPIC_90994d6d71007f
BS0049,TOPIC_c92f984539f9dd
BS0049,TOPIC_8003c1ac900cdf
BS0049,TOPIC_dbeac12df9ea48
BS0049,TOPIC_590da3be241e75
BS0049,TOPIC_3174bc5b831b6b
BS0049,TOPIC_387951db4181eb
BS0049,TOPIC_3528622ee80e07
DE0741,TOPIC_a9edba98118ddf
DE0741,TOPIC_a3871c55243477
DE0741,TOPIC_6d2e2e8f89f994
DE0741,TOPIC_f30b8df201cbda
DE0741,TOPIC_37c19af1d95e72
DE0741,TOPIC_45230537900c3f
DE0643,TOPIC_ab73e461cac2b3
DE0643,TOPIC_cff79c4822edce
DE0643,TOPIC_d53104ad4ab65b
DE0643,TOPIC_5a7e44ddff6cfb
DE0643,TOPIC_81076ede9e043f
DE0643,TOPIC_cf12b35718f9d5
DE0643,TOPIC_11b65bd80bf741
DE0643,TOPIC_48d2103169e864
DE0643,TOPIC_e5c20f99da3386
DE0643,TOPIC_95adac9457b60d
DE0643,TOPIC_4d26096b762fac
DE0729,TOPIC_384f666526ff8d
DE0802,TOPIC_bced331698e88c
DE0802,TOPIC_6883b4145dc401
DE0802,TOPIC_8335f5f0fd1fed
DE0802,TOPIC_c8f38caaed772f
DE0802,TOPIC_71a39f8a06c192
DE0802,TOPIC_41962e25af4008
DE0802,TOPIC_8cef6b0a28e311
DE0802,TOPIC_b8aaa64e50f0d1
DE0802,TOPIC_8e57fdcc315271
DE0802,TOPIC_b7d26395a9627d
DE0802,TOPIC_223aa2f5abcbcb
DE0802,TOPIC_87c4ce77c7be20
DE0802,TOPIC_78938207fc2e13
DE0802,TOPIC_e93c61896dbd4c
DE0802,TOPIC_c2e6afeb7b47f6
DE0717,TOPIC_3b72abd83cf10e
DE0717,TOPIC_8acbfbe9ee4901
DE0717,TOPIC_27ddba6a30bf69
DE0717,TOPIC_a082bd47c3b88a
DE0717,TOPIC_466bdb02d9355e
DE0717,TOPIC_bf267667ac3d3d
DE0717,TOPIC_1318395683de26
DE0717,TOPIC_60fe75a927a24e
DE0717,TOPIC_bf673da784cc14
DE0717,TOPIC_94360a09458b18
DE0717,TOPIC_1214cd6719f740
DE0717,TOPIC_b078714df7587b
DE0717,TOPIC_f62e8045c8c45b
DE0717,TOPIC_ec9aba5b3cb5b2
DE0717,TOPIC_0820b5f557c5ec
DE0717,TOPIC_377f9f98cb3725
DE0823,TOPIC_7c85c4c9a35bea
DE0823,TOPIC_15cec6106b3efa
DE0823,TOPIC_bdd13b86b03601
DE0823,TOPIC_c853352b10a4ea
DE0823,TOPIC_22e3220f61452e
DE0823,TOPIC_a6f47a2926f049
DE0811,TOPIC_a50ef1034f97fd
DE0811,TOPIC_430c92003b5f17
DE0811,TOPIC_5c8fdd8bea8312
DE0811,TOPIC_09d60f4f7ef5df
DE0811,TOPIC_b67b66779dcab3
DE0811,TOPIC_c5046c38dfb80c
DE0811,TOPIC_5742b4c096019b
DE0811,TOPIC_e08aa3a3dbc7f3
DE0811,TOPIC_616e75c6cc2b85
DE0811,TOPIC_2318283683d76c
DE0811,TOPIC_4d1b2043699b68
DE0811,TOPIC_495582797d43c1
DE0811,TOPIC_06e55d90361aae
DE0811,TOPIC_b507f619eb3359
DE0714,TOPIC_931a3a212e5fd6
DE0714,TOPIC_a1958ad21f00b6
DE0714,TOPIC_a8cdd029e6e258
DE0806,TOPIC_4672125f0ccbd0
DE0806,TOPIC_bb96db3ca6515d
DE0806,TOPIC_20343c282e171b
DE0806,TOPIC_f5f701a51d093a
DE0806,TOPIC_1c335c819f4217
DE0806,TOPIC_dd2a23282449c0
DE0820,TOPIC_05fd97ce146d81
DE0820,TOPIC_7d5f607b31e2e4
DE0820,TOPIC_be40156f20dc03
DE0820,TOPIC_88603178ae3002
DE0820,TOPIC_fb52d7795cdcb6
DE0820,TOPIC_0c171b3688adc8
DE0820,TOPIC_6b503bda3ed146
DE0820,TOPIC_f540bbe51f0989
DE0820,TOPIC_a644c1f056e47c
DE0820,TOPIC_2a41cf8cf1e132
DE0820,TOPIC_83a04b8de53403
DE0820,TOPIC_3159bd8a365690
DE0820,TOPIC_625bf6d5901051
DE0820,TOPIC_92e99f6a993d3c
DE0709,TOPIC_ad41dcdb17153e
DE0805,TOPIC_cec5a17b06f311
DE0805,TOPIC_c7d15d5d0368d7
DE0805,TOPIC_c7e6507ffb270a
DE0805,TOPIC_5a901316be7691
DE0805,TOPIC_c9d5a27e41dee5
DE0805,TOPIC_0461dd825c0e02
DE0805,TOPIC_952df2b3f9870e
DE0805,TOPIC_0981c1e93641e5
DE0805,TOPIC_3c1e66b56083a9
DE0805,TOPIC_6ffb812ef64194
DE0809,TOPIC_2dd16e34af2e0b
DE0809,TOPIC_0b5800dde5bc8b
DE0809,TOPIC_3fcb13ce478fe5
DE0809,TOPIC_50e49315833561
DE0809,TOPIC_dbab1d4e7f1c4d
DE0809,TOPIC_2230fc6dbaf735
DE0809,TOPIC_852f5bab661cda
DE0809,TOPIC_9fa26159ebfff4
DE0809,TOPIC_ec0c69061d6230
DE0809,TOPIC_59988322dc8b8f
DE0809,TOPIC_8c736c6220a03b
DE0809,TOPIC_b9042b9972a5a2
DE0809,TOPIC_19ee60d71a6471
DE0809,TOPIC_aa24f8113121c6
DE0809,TOPIC_3318b712e9a50a
DE0809,TOPIC_affac1c0ea8f25
DE0809,TOPIC_f3397ba993ef96
DE0809,TOPIC_6abf533f62bb9e
DE0809,TOPIC_11614d413a1ad8
DE0819,TOPIC_e39aed33097b57
DE0819,TOPIC_02129ff01e95eb
DE0819,TOPIC_43bf263fbc40ef
DE0819,TOPIC_521b8eaacff0f0
DE0819,TOPIC_f3c2afc85d53cd
DE0819,TOPIC_7508425c4aecab
DE0819,TOPIC_e510bd068fc802
DE0819,TOPIC_7184531612f1df
DE0819,TOPIC_002209788ab00c
DE0819,TOPIC_9de18807bb0f51
DE0819,TOPIC_7267aea493f667
DE0819,TOPIC_5c718c95e15389
DE0819,TOPIC_f6fb6b7a77d542
DE0817,TOPIC_eeb9e1560a1571
DE0817,TOPIC_b19867604e1a7b
DE0817,TOPIC_25ae0b7803d54d
DE0817,TOPIC_3bebafbdb197e8
DE0817,TOPIC_5c5b5b1d22cb54
DE0817,TOPIC_d7b62044f83526
DE0817,TOPIC_ca36c9c50f4f97
DE0817,TOPIC_1f6a425e96cbb1
DE0817,TOPIC_b6c525bfe4a7be
DE0817,TOPIC_80b4df35725548
DE0817,TOPIC_470d60ca1594e7
DE0807,TOPIC_9e821dd500c59d
DE0807,TOPIC_7e82313abc5ee0
DE0807,TOPIC_64626fe3f46a7f
DE0807,TOPIC_17f335a92d1d01
DE0807,TOPIC_a45051172aa3c8
DE0807,TOPIC_fe7837fccf8839
DE0807,TOPIC_fe054e403979cf
DE0813,TOPIC_94af0367f2ccf4
DE0813,TOPIC_d2bec825cc4e59
DE0813,TOPIC_7906abbc448638
DE0813,TOPIC_5b09517892dc3d
DE0813,TOPIC_406c33601ebd09
DE0813,TOPIC_c46f930f30d8d3
DE0813,TOPIC_2d6686717405ba
DE0813,TOPIC_016aab3455a9eb
DE0824,TOPIC_8a970c1406fb86
DE0824,TOPIC_39e1e662603251
DE0824,TOPIC_e776f76dc2e1e4
DE0824,TOPIC_d3d802e2ad4ee4
DE0824,TOPIC_815ddff1efa07a
DE0824,TOPIC_47913a8e7f5c86
DE0824,TOPIC_fb20704a71866a
DE0824,TOPIC_b172409a61153e
DE0825,TOPIC_e8f6359cda02e0
DE0825,TOPIC_65565b6fe227a9
DE0825,TOPIC_db66d8078db7df
DE0825,TOPIC_a308222ebb0526
DE0825,TOPIC_903b559a6addba
DE0825,TOPIC_aa46932ebf4c73
DE0825,TOPIC_594b2ad71c2988
DE0826,TOPIC_3f1bec886230ce
DE0826,TOPIC_ac9a1de203668d
DE0826,TOPIC_db137aed36e9f9
DE0827,TOPIC_e47b782f7fe44b
DE0827,TOPIC_54beb318298440
DE0827,TOPIC_f218be4efb6a72
DE0827,TOPIC_19510b564ee290
DE0827,TOPIC_579b34a0e5e881
DE0827,TOPIC_49b72c4120186b
DE0827,TOPIC_6b8a3a7d96ffe4
DE0827,TOPIC_1421423c8e0767
DE0827,TOPIC_9f71fe44f00419
DE0827,TOPIC_1755a6fb770e7b
DE0827,TOPIC_3a25a324a2963a
DE0827,TOPIC_117a5a286b633b
DE0827,TOPIC_f92573b68e6982
DE0827,TOPIC_831a81f0ed2c25
DE0827,TOPIC_0a57848a30def0
DE0827,TOPIC_3a5fed4a727774
DE0816,TOPIC_bbe2cac6c4dbee
DE0816,TOPIC_0b1c73727a5a71
DE0816,TOPIC_09e4240261ae57
DE0816,TOPIC_51dbfc11ff135a
DE0816,TOPIC_ed17ebb8fa6c5c
DE0816,TOPIC_8e9ac7c295a98a
DE0816,TOPIC_230fa5b8663498
DE0816,TOPIC_49effed9a3a8e8
DE0816,TOPIC_cfd1434c9d187c
DE0816,TOPIC_4d97cff4d347ac
DE0816,TOPIC_6128670f1d4c00
DE0816,TOPIC_8b7a73e140dad0
DE0816,TOPIC_f13789d95fb142
DE0814,TOPIC_080b9d63ae627f
DE0814,TOPIC_881c5f5dc7044d
DE0814,TOPIC_7b8d97ae4b77dd
DE0814,TOPIC_ee585af5ac0515
DE0814,TOPIC_ef296274d7f261
DE0814,TOPIC_acdf094a4c9e86
DE0814,TOPIC_725fa17c7d7938
DE0814,TOPIC_a6918069a32ece
DE0814,TOPIC_6760dfccba804f
DE0814,TOPIC_683d9d304991cb
DE0814,TOPIC_7d8719ec912cfb
DE0814,TOPIC_512b67d9fab576
DE0814,TOPIC_2f62e7dc447d68
DE0814,TOPIC_9d7596c5a09df0
DE0814,TOPIC_cbe0b5e43aa0d1
DE0814,TOPIC_fc6765eb75c8b4
DE0814,TOPIC_937bc75d0d0555
DE0814,TOPIC_5ca160516ed7a5
DE0814,TOPIC_8dfbb40d772d7f
IV0623,TOPIC_600e3606a6fc2d
IV0623,TOPIC_46483919e3c34b
IV0623,TOPIC_7060807f5fddb7
IV0623,TOPIC_91dfa44113c651
IV0623,TOPIC_33b48007eacefa
IV0623,TOPIC_aa12a2713053bd
IV0623,TOPIC_4ae78edbd1cddd
IV0652,TOPIC_be40071d929264
IV0652,TOPIC_142173acce28ec
IV0652,TOPIC_a8391dbd0e3cb2
IV0652,TOPIC_b43320c9b4733d
IV0652,TOPIC_03c91a814ee815
IV0652,TOPIC_c95622978cdefa
IV0652,TOPIC_f24292ae4ef04f
IV0652,TOPIC_cf53f4eb2ee039
IV0652,TOPIC_a52f4b7ab02744
IV0652,TOPIC_c7de2fc0a59e43
DE0322,TOPIC_330d1ff6e858cc
DE0322,TOPIC_2b21f5c2dd8dcf
DE0322,TOPIC_b696f86c1b1261
DE0322,TOPIC_8610f31a4b647b
DE0322,TOPIC_6debe315a9db8a
DE0322,TOPIC_b7bb0a5e0ed22d
DE0322,TOPIC_2cfa076e4ceba6
DE0322,TOPIC_af1773c80091b9
AD0188,TOPIC_443204b9b100f1
AD0188,TOPIC_e17ca01f8540a0
AD0188,TOPIC_dd900927a96adb
AD0188,TOPIC_fc63523bc854db
AD0188,TOPIC_95ebd7c789ea42
AD0188,TOPIC_3baa92fffadeda
AD0188,TOPIC_bf98b78c596c01
AD0188,TOPIC_5fd741c96db563
AD0188,TOPIC_5c70bb0861e2cf
AD0188,TOPIC_67118fc3f20294
AD0188,TOPIC_dff8ec294a8fdd
AD0188,TOPIC_86e5b219a7cb21
DE0822,TOPIC_075a3280fdff8b
DE0822,TOPIC_0587076dfa2af2
DE0822,TOPIC_103f2dcf187cac
DE0822,TOPIC_9767b38312e272
DE0822,TOPIC_5869c487f19ace
DE0822,TOPIC_b02a7cb2c33b9b
DE0822,TOPIC_13e43b2795706a
DE0822,TOPIC_45bbcb12b237d1
DE0822,TOPIC_e7bee801db05ec
DE0822,TOPIC_78bfd3f0662c4a
DE0822,TOPIC_73b33fd11c30b3
DE0822,TOPIC_6cdec94d603adf
DE0822,TOPIC_d39504925b73f3
DE0801,TOPIC_b32e6a75dbca26
DE0801,TOPIC_fa625cf864cc4f
DE0801,TOPIC_ac781b58c23b11
DE0801,TOPIC_f7f02c24c2fd00
DE0801,TOPIC_828647129e09ac
DE0801,TOPIC_a6874a6735d828
DE0801,TOPIC_1c94c9292009cf
DE0801,TOPIC_46a7e5fa2eff41
DE0800,TOPIC_2712ab35a4e675
DE0800,TOPIC_edfb4b81bc08fa
DE0800,TOPIC_731997acb706b6
DE0800,TOPIC_89028377f35c0b
DE0800,TOPIC_a32e844964299f
DE0800,TOPIC_4b9112aa73ab8b
DE0800,TOPIC_29a195e1ba5dde
DE0800,TOPIC_230e72af90c5fb
DE0800,TOPIC_ca36106e09df3e
DE0800,TOPIC_b2dbf8dbafc8b2
DE0800,TOPIC_bae173096d51d2
DE0800,TOPIC_7455361e7141b6
DE0800,TOPIC_12f1a2993ed26e
DE0800,TOPIC_9b992b41a5bbf4
DE1002,TOPIC_f50e58eef9bd58
DE1002,TOPIC_ff7437b7951bcd
DE1002,TOPIC_6d4ccb6db3da72
DE1002,TOPIC_4c463a351a1222
DE1002,TOPIC_3b2abe4384a379
DE0803,TOPIC_01332820a34aca
DE0803,TOPIC_200790aefd16bc
DE0803,TOPIC_c28decedd0949a
DE0803,TOPIC_863cfcb8e081f7
DE0803,TOPIC_7edc57582b13a5
DE0803,TOPIC_3b00fb990faf59
DE0803,TOPIC_9d76a2f1c1492d
DE0803,TOPIC_514f286579ea0b
DE0803,TOPIC_020cd3ec997198
DE0803,TOPIC_71191eddfbb051
DE0803,TOPIC_1c9e0fa0afdbbe
DE0803,TOPIC_2c5bacfd1381e4
DE0803,TOPIC_38e1d7623c6baf
DE0803,TOPIC_a3c4963acd543a
DE0803,TOPIC_2a5c277a0ceeda
BM0758,TOPIC_f152a696de28eb
BM0758,TOPIC_e5ca7bbd3b79b2
BM0758,TOPIC_eebb2449c38658
BM0758,TOPIC_ca67f9db066c93
BM0758,TOPIC_217f59e9fa328a
BM0758,TOPIC_49b94dab2b4fe1
BM0758,TOPIC_c13f4b378ce145
BM0758,TOPIC_cfb6cc35cdac5f
DE0812,TOPIC_49260925057891
DE0812,TOPIC_8528295dd86c28
DE0812,TOPIC_aecbf51898d699
DE0812,TOPIC_4698da0090c1f1
DE0812,TOPIC_894ff4cdef6324
DE0812,TOPIC_667c5c57f906f0
DE0812,TOPIC_d5fc11b1a885a2
DE0812,TOPIC_0898b55e76217b
DE0812,TOPIC_f46a8d3c630f47
DE0812,TOPIC_2c1f3182382dd0
DE0812,TOPIC_b650250147e978
DE0812,TOPIC_14f43a8d50830f
DE0812,TOPIC_aa6192ef42ff54
DE0812,TOPIC_a3cbfea9792ab0
DE0704,TOPIC_c4f4f85a31fbfe
DE0704,TOPIC_7a4f5fed5f90f4
DE0704,TOPIC_12ffb13917c5e2
DE0704,TOPIC_0b2fea31d8dc11
DE0724,TOPIC_f2eeb4080d30d7
DE0724,TOPIC_76badf121c22e9
DE0724,TOPIC_109bec9e16ab7d
DE0724,TOPIC_e65d70c7b5885c
DE0724,TOPIC_c94b4d1e697d60
DE0724,TOPIC_eb9cd17136db52
DE0818,TOPIC_d618565d98570f
DE0818,TOPIC_7a18226551a0a8
DE0818,TOPIC_ac351e8b2b3d25
DE0818,TOPIC_240d773bce82fb
DE0818,TOPIC_f12a290f00e096
DE0818,TOPIC_3a6a7d5db8d17a
DE0818,TOPIC_84ec584f5ee442
DE0818,TOPIC_be4be0b635e30c
DE1066,TOPIC_530fe35bbaa2cd
DE1066,TOPIC_48644ef47a063a
DE1066,TOPIC_dad921a9c6b5bd
DE1066,TOPIC_2687796d152ccb
DE1066,TOPIC_d6e2c028aa401c
DE1066,TOPIC_2c9bab459da551
DE1066,TOPIC_21e7450556bd01
DE1066,TOPIC_7791ac0f428e5a
DE1066,TOPIC_8975146d5c74d3
DE1066,TOPIC_8203327d271043
DE1066,TOPIC_2fa064ba741af6
DE1067,TOPIC_4c28b51019f012
DE1067,TOPIC_9678c2bd4da4b6
DE1067,TOPIC_4b6b53943c56d1
DE1067,TOPIC_9272ab7ef74d4a
DE1067,TOPIC_0d26f1e06095a4
DE1067,TOPIC_d1fec387d9f94e
DE1067,TOPIC_a8d09e3202b172
DE1067,TOPIC_cfaf270a51837f
DE1067,TOPIC_9f3439f5ef1db5
DE1067,TOPIC_5859f6c51b830f
DE1067,TOPIC_cb0791a5b4d898
DE1068,TOPIC_f1939821e0c2ed
DE1068,TOPIC_b14a9e218d9d69
DE1068,TOPIC_76d41e9c442ed0
DE1068,TOPIC_d061e61ae88cf0
DE1068,TOPIC_447c426627064d
DE1068,TOPIC_0c48f27ecde6bd
DE1068,TOPIC_c7775ef217d18d
DE1068,TOPIC_957b604e9097b0
DE1068,TOPIC_fa3b991c6570cb
DE1068,TOPIC_00632b2a3d9396
DE1068,TOPIC_c02bc1c9d1f497
DE1095,TOPIC_4c301ef2b16b42
DE1095,TOPIC_166f069d1c3612
DE1095,TOPIC_dcdbe179091e1b
DE1095,TOPIC_ae48f659c145a9
DE0810,TOPIC_8b7fc3661c595e
DE0810,TOPIC_44c9cf178c8940
DE0810,TOPIC_79469b5e0646c3
DE0810,TOPIC_99489e5f171594
DE0810,TOPIC_dbaa2e800915c4
DE0810,TOPIC_14da6e0d7ad902
DE0810,TOPIC_cf8e68058dc67b
DE0810,TOPIC_018527b5065373
DE0810,TOPIC_99bc124976ef24
DE0810,TOPIC_1c7ea590dd359b
DE0810,TOPIC_ab663c6b42bc1b
DE0810,TOPIC_08f79a67323f8f
DE0810,TOPIC_03fc28f50da549
DE0810,TOPIC_c45009968a4ca9
DE0810,TOPIC_f5dc42286fc2ef
DE0810,TOPIC_07d2e1dafd102e
DE0810,TOPIC_7e24feaee56368
DE0810,TOPIC_43bc65d240721d
DE0810,TOPIC_9485879021b83b
DE0810,TOPIC_6d295da88f1357
DE0703,TOPIC_9492a19ca35f90
DE0703,TOPIC_5809da4003eff5
DE0703,TOPIC_52ac7a9876894a
DE0703,TOPIC_d9b0e4ef3bcbae
DE0706,TOPIC_68d653357e1081
DE0706,TOPIC_781c7432375465
DE0706,TOPIC_043c0a1bc54f9c
DE0706,TOPIC_d3b727d4254f5a
DE0706,TOPIC_74524b21e45cf7
DE0706,TOPIC_1421fdcc154daa
DE0706,TOPIC_447b267900de9e
DE0710,TOPIC_cbe18ab4b55bd1
DE0710,TOPIC_a910282fb47dcc
DE0710,TOPIC_9bafdd913f05f2
DE0710,TOPIC_7859c8d11babc0
DE0710,TOPIC_40ebe8f2024419
DE0710,TOPIC_5ee9f591e8fa68
DE0710,TOPIC_2a9b7e9e563811
DE0710,TOPIC_fd1d169407fb66
DE0710,TOPIC_77db12ed8d387d
DE0710,TOPIC_ca6be6aba709e1
DE0710,TOPIC_8205958574d104
DE0710,TOPIC_12fdadbce7e8eb
DE0710,TOPIC_09064e6477accd
