program_id,course_id,credit_points,section_code,section_name,subsection_name
DMB0,DE0745,6.0,A,Compulsory Study Courses,
DMB0,DE0747,6.0,A,Compulsory Study Courses,
DMB0,DE0752,6.0,A,Compulsory Study Courses,
DMB0,DE0740,6.0,A,Compulsory Study Courses,
DMB0,DE0751,6.0,A,Compulsory Study Courses,
DMB0,DE0645,6.0,A,Compulsory Study Courses,
DMB0,DE0739,6.0,A,Compulsory Study Courses,
DMB0,DE0754,6.0,A,Compulsory Study Courses,
DMB0,DE0742,6.0,A,Compulsory Study Courses,
DMB0,DE0746,3.0,A,Compulsory Study Courses,
DMB0,DE0001,3.0,B1,Field-Specific Study Courses,Networking
DMB0,DE0748,3.0,B1,Field-Specific Study Courses,Networking
DMB0,DE0743,6.0,B1,Field-Specific Study Courses,Specific Software Applications
DMB0,DE0753,6.0,B1,Field-Specific Study Courses,Specific Software Applications
DMB0,DE0738,6.0,B1,Field-Specific Study Courses,Enterprise Information Systems
DMB0,DE0638,6.0,B1,Field-Specific Study Courses,Enterprise Information Systems
DMB0,DE0750,6.0,B1,Field-Specific Study Courses,Analytics
DMB0,DE0940,6.0,B1,Field-Specific Study Courses,Analytics
DMB0,BS0055,6.0,B2,Humanities and Social Sciences Study Courses,
DMB0,BS0054,6.0,B2,Humanities and Social Sciences Study Courses,
DMB0,BS0052,6.0,B2,Humanities and Social Sciences Study Courses,
DMB0,BS0053,6.0,B2,Humanities and Social Sciences Study Courses,
DMB0,BS0050,6.0,B2,Humanities and Social Sciences Study Courses,
DMB0,BS0051,6.0,B2,Humanities and Social Sciences Study Courses,
DMB0,BS0049,6.0,B2,Humanities and Social Sciences Study Courses,
DMB0,DE0741,6.0,B2,Humanities and Social Sciences Study Courses,
DMB0,DE0643,3.0,B2,Humanities and Social Sciences Study Courses,
DMB0,DE0729,3.0,B2,Humanities and Social Sciences Study Courses,
DMB0,DE0744,30.0,E,Final Examination,
HMD0,DE0802,6.0,A,Compulsory Study Courses,
HMD0,DE0717,3.0,A,Compulsory Study Courses,
HMD0,DE0815,3.0,A,Compulsory Study Courses,
HMD0,DE0823,3.0,A,Compulsory Study Courses,
HMD0,DE0811,3.0,A,Compulsory Study Courses,
HMD0,DE0714,3.0,A,Compulsory Study Courses,
HMD0,DE0806,6.0,A,Compulsory Study Courses,
HMD0,DE0820,3.0,A,Compulsory Study Courses,
HMD0,DE0709,3.0,A,Compulsory Study Courses,
HMD0,DE0805,3.0,A,Compulsory Study Courses,
HMD0,DE0809,6.0,A,Compulsory Study Courses,
HMD0,DE0804,6.0,A,Compulsory Study Courses,
HMD0,DE0819,6.0,A,Compulsory Study Courses,
HMD0,DE0817,,A,Compulsory Study Courses,
HMD0,DE0807,,A,Compulsory Study Courses,
HMD0,DE0813,,A,Compulsory Study Courses,
HMD0,DE0739,,A,Compulsory Study Courses,
HMD0,DE0824,,A,Compulsory Study Courses,
HMD0,DE0825,,A,Compulsory Study Courses,
HMD0,DE0826,3.0,B1,Field-Specific Study Courses,
HMD0,DE0729,3.0,B1,Field-Specific Study Courses,
HMD0,DE0827,3.0,B1,Field-Specific Study Courses,
HMD0,DE0816,3.0,B1,Field-Specific Study Courses,
HMD0,DE0814,3.0,B1,Field-Specific Study Courses,
HMD0,IV0623,6.0,B1,Field-Specific Study Courses,
HMD0,DE0645,6.0,B1,Field-Specific Study Courses,
HMD0,DE0751,6.0,B1,Field-Specific Study Courses,
HMD0,IV0652,3.0,B1,Field-Specific Study Courses,
HMD0,DE0322,3.0,B1,Field-Specific Study Courses,
HMD0,AD0188,3.0,B1,Field-Specific Study Courses,
HMD0,DE0822,6.0,B1,Field-Specific Study Courses,
HMD0,DE0801,3.0,B1,Field-Specific Study Courses,
HMD0,DE0800,3.0,B1,Field-Specific Study Courses,
HMD0,DE1002,6.0,B1,Field-Specific Study Courses,
HMD0,DE0803,3.0,B1,Field-Specific Study Courses,
HMD0,BM0758,3.0,B1,Field-Specific Study Courses,
HMD0,DE0812,3.0,B1,Field-Specific Study Courses,
HMD0,DE0704,3.0,B1,Field-Specific Study Courses,
HMD0,DE0724,3.0,B1,Field-Specific Study Courses,
HMD0,DE0818,6.0,B1,Field-Specific Study Courses,
HMD0,DE1066,3.0,B1,Field-Specific Study Courses,
HMD0,DE1067,3.0,B1,Field-Specific Study Courses,
HMD0,DE1068,3.0,B1,Field-Specific Study Courses,
HMD0,DE1095,6.0,B1,Field-Specific Study Courses,
HMD0,DE0739,6.0,B1,Field-Specific Study Courses,
HMD0,DE0807,6.0,B1,Field-Specific Study Courses,
HMD0,DE0813,3.0,B1,Field-Specific Study Courses,
HMD0,DE0824,3.0,B1,Field-Specific Study Courses,
HMD0,DE0817,6.0,B1,Field-Specific Study Courses,
HMD0,DE0810,6.0,B1,Field-Specific Study Courses,
HMD0,DE0804,,B1,Field-Specific Study Courses,
HMD0,DE0809,,B1,Field-Specific Study Courses,
HMD0,DE0819,,B1,Field-Specific Study Courses,
HMD0,DE0709,,B1,Field-Specific Study Courses,
HMD0,DE0805,,B1,Field-Specific Study Courses,
HMD0,DE0703,,,,
HMD0,DE0706,,,,
HMD0,DE0710,,,,
HMD0,DE0808,,,,
HMD0,DE0821,,,,
